filename,word
thank_you__CISLR__00000__-4MbWP5T-cU.npy,thank you
teacher__CISLR__00001__-PGXFLhDfS0_1.npy,teacher
sorry__CISLR__00002__0sE5EMDNsDo.npy,sorry
mother__CISLR__00003__0t5NaJwemgI_1.npy,mother
stand__CISLR__00004__1GJkBoBf-S0_1.npy,stand
today__CISLR__00005__1XLi2MXWjGc_1.npy,today
me__CISLR__00006__1f6OchgCQrE.npy,me
sit__CISLR__00007__2AGfP7x3obk_1.npy,sit
home__CISLR__00008__3SRihi99gjc_1.npy,home
what__CISLR__00009__4accXsYqRnA.npy,what
water__CISLR__00010__5FSC6Og1RBQ_2.npy,water
drink__CISLR__00011__6X8mSzwuKWw_1.npy,drink
where__CISLR__00012__8wgrPnyzpMw.npy,where
she__CISLR__00013__BXw0xmFB8pQ_1.npy,she
sit__CISLR__00014__CEHCaHC8hK0.npy,sit
no__CISLR__00015__CXEDTo1PXCg.npy,no
eat__CISLR__00016__Cgs1MibMXJ0.npy,eat
read__CISLR__00017__Dz2avlvSTYQ_1.npy,read
help__CISLR__00018__E91cfQBn8_4_1.npy,help
okay__CISLR__00019__EZpZvb2wicY.npy,okay
friend__CISLR__00020__ElXP4DjT3H8_1.npy,friend
stop__CISLR__00021__FEi50jcTxxI_1.npy,stop
stop__CISLR__00022__FHwjyQeLNuY.npy,stop
sit__CISLR__00023__FQYd1BVpZ54.npy,sit
father__CISLR__00024__Gm2HCSz7Jqg_1.npy,father
come__CISLR__00025__HSEV-Y2g3A8.npy,come
friend__CISLR__00026__HiKegjOx1kw.npy,friend
thank_you__CISLR__00027__IRmlHHtW_Q0_1.npy,thank you
food__CISLR__00028__IVY4EYIVHMI.npy,food
eat__CISLR__00029__IYf_zhHRbWw_1.npy,eat
today__CISLR__00030__Iji2l3tYxHc.npy,today
sorry__CISLR__00031__KXnSguJGdN8.npy,sorry
mother__CISLR__00032__Kxj8mG2kNCc.npy,mother
yes__CISLR__00033__LAT-u9Ww5ZU.npy,yes
yes__CISLR__00034__MXmTYGHWvvE.npy,yes
food__CISLR__00035__NROeKyImRuI_1.npy,food
goodbye__CISLR__00036__O6YJgD20e2g.npy,goodbye
read__CISLR__00037__OWya5pey33I.npy,read
school__CISLR__00038__OvDIlDiFmnU.npy,school
go__CISLR__00039__PQoocuBF2f8_1.npy,go
you__CISLR__00040__QE4UkDB3MyE.npy,you
mother__CISLR__00041__QlqLuC-1u1U_1.npy,mother
write__CISLR__00042__Qt7PxYKRi7c_1.npy,write
he__CISLR__00043__Qu5KH6X5dd8_1.npy,he
teacher__CISLR__00044__Qy_q0sAucuw.npy,teacher
sister__CISLR__00045__Rj6pX9wzxqA_1.npy,sister
go__CISLR__00046__RqddJENqoOY.npy,go
water__CISLR__00047__SlORjr0kUM4.npy,water
school__CISLR__00048__T3DNMjNynU0_1.npy,school
sorry__CISLR__00049__TiPPYhh323E.npy,sorry
brother__CISLR__00050__UDcg2skGRXM_1.npy,brother
write__CISLR__00051__UFePdoNR_KM.npy,write
no__CISLR__00052__VS_ZuiQIJx0.npy,no
where__CISLR__00053__WGwhxNQtfbE_1.npy,where
thank_you__CISLR__00054__W_qFjH-GKzA_1.npy,thank you
tea__CISLR__00055__XqH46D16YDI_1.npy,tea
student__CISLR__00056__Y66DFt19PyE.npy,student
hospital__CISLR__00057__Za7gQoC8eaA_1.npy,hospital
water__CISLR__00058__ZanVx78hi-g_1.npy,water
student__CISLR__00059__ZhZN3BiLEqg_1.npy,student
she__CISLR__00060___rEVVtT1I44.npy,she
come__CISLR__00061__d3i2EjGoA2k_1.npy,come
eat__CISLR__00062__d4nkMcBvUZM_1.npy,eat
me__CISLR__00063__f7XWdoOSSNw_1.npy,me
sit__CISLR__00064__gz3bQ5GGfUQ.npy,sit
please__CISLR__00065__iGDJKo1-w5k.npy,please
sister__CISLR__00066__jWWLAybE8C8_1.npy,sister
tea__CISLR__00067__l7GQ-fR-DsA.npy,tea
he__CISLR__00068__lLd__AgPs98.npy,he
when__CISLR__00069__mPZ37Qlg4B8.npy,when
you__CISLR__00070__nS1xo_n5_sQ_1.npy,you
brother__CISLR__00071__pcz5j3TcyEs_1.npy,brother
sorry__CISLR__00072__v7LOMsrEiVI_1.npy,sorry
please__CISLR__00073__vAW9QDnXLrE.npy,please
you__CISLR__00074__vLfbnZZBph0_1.npy,you
please__CISLR__00075__vMbLDoCayk8.npy,please
what__CISLR__00076__wEd93OlB_ZI_1.npy,what
brother__CISLR__00077__yMqhsoFHB_Q_1.npy,brother
friend__CISLR__00078__z2B7VrBSA5c.npy,friend
market__CISLR__00079__zSXKZb2Frqc_1.npy,market
come__CISLR__00080__zobbHZq0U4w.npy,come
drink__ISL500__00081__Drink__session106__clip016.npy,drink
eat__ISL500__00082__Eat__session112__clip008.npy,eat
father__ISL500__00083__Father__session123__clip000.npy,father
food__ISL500__00084__Food__session108__clip023.npy,food
friend__ISL500__00085__Friend__session108__clip021.npy,friend
go__ISL500__00086__Go__session118__clip011.npy,go
hello__ISL500__00087__Hello__session101__clip021.npy,hello
help__ISL500__00088__Help__session111__clip022.npy,help
he__ISL500__00089__He__session119__clip000.npy,he
market__ISL500__00090__Market__session109__clip018.npy,market
mother__ISL500__00091__Mother__session102__clip021.npy,mother
no__ISL500__00092__No__session104__clip019.npy,no
please__ISL500__00093__Please__session104__clip016.npy,please
school__ISL500__00094__School__session103__clip006.npy,school
she__ISL500__00095__She__session105__clip029.npy,she
sister__ISL500__00096__Sister__session100__clip016.npy,sister
sit__ISL500__00097__Sit__session119__clip011.npy,sit
student__ISL500__00098__Student__session107__clip003.npy,student
teacher__ISL500__00099__Teacher__session101__clip005.npy,teacher
tea__ISL500__00100__Tea__session108__clip011.npy,tea
thank_you__ISL500__00101__Thankyou__session122__clip016.npy,thank you
today__ISL500__00102__Today__session105__clip009.npy,today
water__ISL500__00103__Water__session117__clip006.npy,water
what__ISL500__00104__What__session105__clip016.npy,what
where__ISL500__00105__Where__session103__clip012.npy,where
yes__ISL500__00106__Yes__session105__clip014.npy,yes
you__ISL500__00107__You__session117__clip011.npy,you
drink__ISL500__00108__Drink__session181__clip010.npy,drink
eat__ISL500__00109__Eat__session150__clip002.npy,eat
father__ISL500__00110__Father__session164__clip028.npy,father
food__ISL500__00111__Food__session141__clip001.npy,food
friend__ISL500__00112__Friend__session162__clip025.npy,friend
go__ISL500__00113__Go__session160__clip026.npy,go
hello__ISL500__00114__Hello__session159__clip015.npy,hello
help__ISL500__00115__Help__session155__clip011.npy,help
he__ISL500__00116__He__session161__clip017.npy,he
market__ISL500__00117__Market__session154__clip015.npy,market
mother__ISL500__00118__Mother__session154__clip008.npy,mother
no__ISL500__00119__No__session161__clip025.npy,no
please__ISL500__00120__Please__session106__clip004.npy,please
school__ISL500__00121__School__session116__clip001.npy,school
she__ISL500__00122__She__session116__clip010.npy,she
sister__ISL500__00123__Sister__session120__clip001.npy,sister
sit__ISL500__00124__Sit__session120__clip002.npy,sit
student__ISL500__00125__Student__session124__clip002.npy,student
teacher__ISL500__00126__Teacher__session154__clip020.npy,teacher
tea__ISL500__00127__Tea__session154__clip011.npy,tea
thank_you__ISL500__00128__Thankyou__session128__clip004.npy,thank you
today__ISL500__00129__Today__session178__clip016.npy,today
water__ISL500__00130__Water__session158__clip023.npy,water
what__ISL500__00131__What__session159__clip025.npy,what
where__ISL500__00132__Where__session174__clip001.npy,where
yes__ISL500__00133__Yes__session140__clip009.npy,yes
you__ISL500__00134__You__session140__clip011.npy,you
drink__ISL500__00135__Drink__session101__clip004.npy,drink
eat__ISL500__00136__Eat__session132__clip022.npy,eat
father__ISL500__00137__Father__session171__clip018.npy,father
food__ISL500__00138__Food__session171__clip019.npy,food
friend__ISL500__00139__Friend__session104__clip030.npy,friend
go__ISL500__00140__Go__session10__clip004.npy,go
hello__ISL500__00141__Hello__session13__clip003.npy,hello
help__ISL500__00142__Help__session136__clip019.npy,help
he__ISL500__00143__He__session10__clip027.npy,he
market__ISL500__00144__Market__session111__clip008.npy,market
mother__ISL500__00145__Mother__session107__clip029.npy,mother
no__ISL500__00146__No__session107__clip008.npy,no
please__ISL500__00147__Please__session111__clip009.npy,please
school__ISL500__00148__School__session100__clip010.npy,school
she__ISL500__00149__She__session102__clip021.npy,she
sister__ISL500__00150__Sister__session104__clip029.npy,sister
sit__ISL500__00151__Sit__session136__clip004.npy,sit
student__ISL500__00152__Student__session103__clip003.npy,student
teacher__ISL500__00153__Teacher__session113__clip020.npy,teacher
tea__ISL500__00154__Tea__session161__clip000.npy,tea
thank_you__ISL500__00155__Thankyou__session106__clip006.npy,thank you
today__ISL500__00156__Today__session140__clip000.npy,today
water__ISL500__00157__Water__session102__clip018.npy,water
what__ISL500__00158__What__session148__clip007.npy,what
where__ISL500__00159__Where__session131__clip015.npy,where
yes__ISL500__00160__Yes__session114__clip001.npy,yes
you__ISL500__00161__You__session111__clip000.npy,you
drink__ISL500__00162__Drink__session100__clip019.npy,drink
eat__ISL500__00163__Eat__session110__clip005.npy,eat
father__ISL500__00164__Father__session112__clip027.npy,father
food__ISL500__00165__Food__session10__clip004.npy,food
friend__ISL500__00166__Friend__session10__clip007.npy,friend
go__ISL500__00167__Go__session103__clip023.npy,go
hello__ISL500__00168__Hello__session106__clip018.npy,hello
help__ISL500__00169__Help__session105__clip013.npy,help
he__ISL500__00170__He__session112__clip014.npy,he
market__ISL500__00171__Market__session114__clip017.npy,market
mother__ISL500__00172__Mother__session100__clip017.npy,mother
no__ISL500__00173__No__session110__clip018.npy,no
please__ISL500__00174__Please__session107__clip001.npy,please
school__ISL500__00175__School__session104__clip020.npy,school
she__ISL500__00176__She__session109__clip012.npy,she
sister__ISL500__00177__Sister__session108__clip018.npy,sister
sit__ISL500__00178__Sit__session111__clip014.npy,sit
student__ISL500__00179__Student__session100__clip027.npy,student
teacher__ISL500__00180__Teacher__session108__clip024.npy,teacher
tea__ISL500__00181__Tea__session111__clip002.npy,tea
thank_you__ISL500__00182__Thankyou__session104__clip023.npy,thank you
today__ISL500__00183__Today__session107__clip021.npy,today
water__ISL500__00184__Water__session121__clip007.npy,water
what__ISL500__00185__What__session108__clip025.npy,what
where__ISL500__00186__Where__session108__clip007.npy,where
yes__ISL500__00187__Yes__session105__clip015.npy,yes
you__ISL500__00188__You__session110__clip020.npy,you
drink__ISL500__00189__Drink__session121__clip012.npy,drink
eat__ISL500__00190__Eat__session135__clip033.npy,eat
father__ISL500__00191__Father__session121__clip018.npy,father
food__ISL500__00192__Food__session116__clip015.npy,food
friend__ISL500__00193__Friend__session165__clip015.npy,friend
go__ISL500__00194__Go__session160__clip002.npy,go
hello__ISL500__00195__Hello__session152__clip002.npy,hello
help__ISL500__00196__Help__session144__clip002.npy,help
he__ISL500__00197__He__session156__clip029.npy,he
market__ISL500__00198__Market__session142__clip022.npy,market
mother__ISL500__00199__Mother__session142__clip013.npy,mother
no__ISL500__00200__No__session162__clip014.npy,no
please__ISL500__00201__Please__session117__clip014.npy,please
school__ISL500__00202__School__session118__clip013.npy,school
she__ISL500__00203__She__session142__clip034.npy,she
sister__ISL500__00204__Sister__session144__clip013.npy,sister
sit__ISL500__00205__Sit__session122__clip006.npy,sit
student__ISL500__00206__Student__session140__clip003.npy,student
teacher__ISL500__00207__Teacher__session101__clip005.npy,teacher
tea__ISL500__00208__Tea__session101__clip004.npy,tea
thank_you__ISL500__00209__Thankyou__session101__clip015.npy,thank you
today__ISL500__00210__Today__session101__clip026.npy,today
water__ISL500__00211__Water__session109__clip006.npy,water
what__ISL500__00212__What__session111__clip002.npy,what
where__ISL500__00213__Where__session112__clip000.npy,where
yes__ISL500__00214__Yes__session114__clip002.npy,yes
you__ISL500__00215__You__session116__clip001.npy,you
drink__ISL500__00216__Drink__session152__clip003.npy,drink
eat__ISL500__00217__Eat__session153__clip010.npy,eat
father__ISL500__00218__Father__session128__clip022.npy,father
food__ISL500__00219__Food__session137__clip014.npy,food
friend__ISL500__00220__Friend__session104__clip020.npy,friend
go__ISL500__00221__Go__session109__clip032.npy,go
hello__ISL500__00222__Hello__session107__clip006.npy,hello
help__ISL500__00223__Help__session110__clip001.npy,help
he__ISL500__00224__He__session104__clip013.npy,he
market__ISL500__00225__Market__session111__clip004.npy,market
mother__ISL500__00226__Mother__session138__clip004.npy,mother
no__ISL500__00227__No__session143__clip002.npy,no
please__ISL500__00228__Please__session105__clip001.npy,please
school__ISL500__00229__School__session107__clip012.npy,school
she__ISL500__00230__She__session142__clip017.npy,she
sister__ISL500__00231__Sister__session144__clip013.npy,sister
sit__ISL500__00232__Sit__session142__clip006.npy,sit
student__ISL500__00233__Student__session127__clip008.npy,student
teacher__ISL500__00234__Teacher__session115__clip004.npy,teacher
tea__ISL500__00235__Tea__session152__clip004.npy,tea
thank_you__ISL500__00236__Thankyou__session107__clip017.npy,thank you
today__ISL500__00237__Today__session150__clip006.npy,today
water__ISL500__00238__Water__session104__clip017.npy,water
what__ISL500__00239__What__session133__clip002.npy,what
where__ISL500__00240__Where__session139__clip036.npy,where
yes__ISL500__00241__Yes__session112__clip005.npy,yes
you__ISL500__00242__You__session106__clip019.npy,you
drink__ISL500__00243__Drink__000001__c545daf6-s086-002_Drink.npy,drink
eat__ISL500__00244__Eat__000001__c545daf6-s091-005_Eat.npy,eat
father__ISL500__00245__Father__000001__c545daf6-s099-013_Father.npy,father
food__ISL500__00246__Food__000001__c545daf6-s103-003_Food.npy,food
friend__ISL500__00247__Friend__000001__c545daf6-s103-008_Friend.npy,friend
go__ISL500__00248__Go__000001__c545daf6-s108-001_Go.npy,go
hello__ISL500__00249__Hello__000001__c545daf6-s115-003_Hello.npy,hello
help__ISL500__00250__Help__000001__c545daf6-s115-004_Help.npy,help
he__ISL500__00251__He__000001__c545daf6-s113-008_He.npy,he
market__ISL500__00252__Market__000001__c545daf6-s127-012_Market.npy,market
mother__ISL500__00253__Mother__000001__c545daf6-s130-006_Mother.npy,mother
no__ISL500__00254__No__000001__c545daf6-s132-008_No.npy,no
please__ISL500__00255__Please__000001__c545daf6-s141-010_Please.npy,please
school__ISL500__00256__School__000001__c545daf6-s152-002_School.npy,school
she__ISL500__00257__She__000001__c545daf6-s152-008_She.npy,she
sister__ISL500__00258__Sister__000001__c545daf6-s154-001_Sister.npy,sister
sit__ISL500__00259__Sit__000001__c545daf6-s154-002_Sit.npy,sit
student__ISL500__00260__Student__000001__c545daf6-s156-007_Student.npy,student
teacher__ISL500__00261__Teacher__000001__c545daf6-s157-008_Teacher.npy,teacher
tea__ISL500__00262__Tea__000001__c545daf6-s157-007_Tea.npy,tea
thank_you__ISL500__00263__Thankyou__000001__c545daf6-s159-003_Thankyou.npy,thank you
today__ISL500__00264__Today__000001__c545daf6-s159-016_Today.npy,today
water__ISL500__00265__Water__000001__c545daf6-s166-007_Water.npy,water
what__ISL500__00266__What__000001__c545daf6-s166-016_What.npy,what
where__ISL500__00267__Where__000001__c545daf6-s166-018_Where.npy,where
yes__ISL500__00268__Yes__000001__c545daf6-s168-008_Yes.npy,yes
you__ISL500__00269__You__000001__c545daf6-s168-010_You.npy,you
drink__ISL500__00270__Drink__000001.npy,drink
eat__ISL500__00271__Eat__session109__clip022.npy,eat
father__ISL500__00272__Father__000001.npy,father
food__ISL500__00273__Food__000001.npy,food
friend__ISL500__00274__Friend__session102__clip013.npy,friend
go__ISL500__00275__Go__session109__clip000.npy,go
hello__ISL500__00276__Hello__session112__clip010.npy,hello
help__ISL500__00277__Help__session112__clip030.npy,help
he__ISL500__00278__He__session133__clip006.npy,he
market__ISL500__00279__Market__session132__clip024.npy,market
mother__ISL500__00280__Mother__000001.npy,mother
no__ISL500__00281__No__000001.npy,no
please__ISL500__00282__Please__000001.npy,please
school__ISL500__00283__School__000001.npy,school
she__ISL500__00284__She__000001.npy,she
sister__ISL500__00285__Sister__000001.npy,sister
sit__ISL500__00286__Sit__000001.npy,sit
student__ISL500__00287__Student__000001.npy,student
teacher__ISL500__00288__Teacher__000001.npy,teacher
tea__ISL500__00289__Tea__000001.npy,tea
thank_you__ISL500__00290__Thankyou__000001.npy,thank you
today__ISL500__00291__Today__000001.npy,today
water__ISL500__00292__Water__000001.npy,water
what__ISL500__00293__What__000001.npy,what
where__ISL500__00294__Where__000001.npy,where
yes__ISL500__00295__Yes__000001.npy,yes
you__ISL500__00296__You__000001.npy,you
drink__ISL500__00297__Drink__000001.npy,drink
eat__ISL500__00298__Eat__000001.npy,eat
father__ISL500__00299__Father__000001.npy,father
food__ISL500__00300__Food__000001.npy,food
friend__ISL500__00301__Friend__000001.npy,friend
go__ISL500__00302__Go__000001.npy,go
hello__ISL500__00303__Hello__000001.npy,hello
help__ISL500__00304__Help__000001.npy,help
he__ISL500__00305__He__000001.npy,he
market__ISL500__00306__Market__000001.npy,market
mother__ISL500__00307__Mother__000001.npy,mother
no__ISL500__00308__No__000001.npy,no
please__ISL500__00309__Please__000001.npy,please
school__ISL500__00310__School__000001.npy,school
she__ISL500__00311__She__000001.npy,she
sister__ISL500__00312__Sister__000001.npy,sister
sit__ISL500__00313__Sit__000001.npy,sit
student__ISL500__00314__Student__000001.npy,student
teacher__ISL500__00315__Teacher__000001.npy,teacher
tea__ISL500__00316__Tea__000001.npy,tea
thank_you__ISL500__00317__Thankyou__000001.npy,thank you
today__ISL500__00318__Today__000001.npy,today
water__ISL500__00319__Water__000001.npy,water
what__ISL500__00320__What__000001.npy,what
where__ISL500__00321__Where__000001.npy,where
yes__ISL500__00322__Yes__000001.npy,yes
you__ISL500__00323__You__000001.npy,you
drink__ISL500__00324__Drink__000001.npy,drink
eat__ISL500__00325__Eat__000001.npy,eat
father__ISL500__00326__Father__000001.npy,father
food__ISL500__00327__Food__000001.npy,food
friend__ISL500__00328__Friend__000001.npy,friend
go__ISL500__00329__Go__000001.npy,go
hello__ISL500__00330__Hello__000001.npy,hello
help__ISL500__00331__Help__000001.npy,help
he__ISL500__00332__He__000001.npy,he
market__ISL500__00333__Market__000001.npy,market
mother__ISL500__00334__Mother__000001.npy,mother
no__ISL500__00335__No__000001.npy,no
please__ISL500__00336__Please__000001.npy,please
school__ISL500__00337__School__000001.npy,school
she__ISL500__00338__She__000001.npy,she
sister__ISL500__00339__Sister__000001.npy,sister
sit__ISL500__00340__Sit__000001.npy,sit
student__ISL500__00341__Student__000001.npy,student
teacher__ISL500__00342__Teacher__000001.npy,teacher
tea__ISL500__00343__Tea__000001.npy,tea
thank_you__ISL500__00344__Thankyou__000001.npy,thank you
today__ISL500__00345__Today__000001.npy,today
water__ISL500__00346__Water__000001.npy,water
what__ISL500__00347__What__000001.npy,what
where__ISL500__00348__Where__000001.npy,where
yes__ISL500__00349__Yes__000001.npy,yes
you__ISL500__00350__You__000001.npy,you
drink__ISL500__00351__Drink__session142__clip028.npy,drink
eat__ISL500__00352__Eat__session257__clip013.npy,eat
father__ISL500__00353__Father__session195__clip013.npy,father
food__ISL500__00354__Food__session134__clip000.npy,food
friend__ISL500__00355__Friend__session182__clip000.npy,friend
go__ISL500__00356__Go__session178__clip004.npy,go
hello__ISL500__00357__Hello__session172__clip006.npy,hello
help__ISL500__00358__Help__session159__clip001.npy,help
he__ISL500__00359__He__session179__clip002.npy,he
market__ISL500__00360__Market__session154__clip005.npy,market
mother__ISL500__00361__Mother__session153__clip028.npy,mother
no__ISL500__00362__No__session179__clip008.npy,no
please__ISL500__00363__Please__session135__clip022.npy,please
school__ISL500__00364__School__session141__clip003.npy,school
she__ISL500__00365__She__session100__clip002.npy,she
sister__ISL500__00366__Sister__session109__clip000.npy,sister
sit__ISL500__00367__Sit__session109__clip001.npy,sit
student__ISL500__00368__Student__session117__clip001.npy,student
teacher__ISL500__00369__Teacher__session118__clip012.npy,teacher
tea__ISL500__00370__Tea__session118__clip011.npy,tea
thank_you__ISL500__00371__Thankyou__session119__clip002.npy,thank you
today__ISL500__00372__Today__session119__clip014.npy,today
water__ISL500__00373__Water__session127__clip006.npy,water
what__ISL500__00374__What__session133__clip002.npy,what
where__ISL500__00375__Where__session133__clip003.npy,where
yes__ISL500__00376__Yes__session133__clip016.npy,yes
you__ISL500__00377__You__session133__clip018.npy,you
drink__ISL500__00378__Drink__session231__clip006.npy,drink
eat__ISL500__00379__Eat__session249__clip004.npy,eat
father__ISL500__00380__Father__session231__clip012.npy,father
food__ISL500__00381__Food__session217__clip003.npy,food
friend__ISL500__00382__Friend__session319__clip006.npy,friend
go__ISL500__00383__Go__session305__clip001.npy,go
hello__ISL500__00384__Hello__session105__clip008.npy,hello
help__ISL500__00385__Help__session105__clip009.npy,help
he__ISL500__00386__He__session105__clip002.npy,he
market__ISL500__00387__Market__session131__clip000.npy,market
mother__ISL500__00388__Mother__session136__clip001.npy,mother
no__ISL500__00389__No__session145__clip005.npy,no
please__ISL500__00390__Please__session159__clip001.npy,please
school__ISL500__00391__School__session169__clip001.npy,school
she__ISL500__00392__She__session170__clip002.npy,she
sister__ISL500__00393__Sister__session173__clip001.npy,sister
sit__ISL500__00394__Sit__session173__clip002.npy,sit
student__ISL500__00395__Student__session178__clip000.npy,student
teacher__ISL500__00396__Teacher__session183__clip000.npy,teacher
tea__ISL500__00397__Tea__session182__clip004.npy,tea
thank_you__ISL500__00398__Thankyou__session186__clip000.npy,thank you
today__ISL500__00399__Today__session190__clip002.npy,today
water__ISL500__00400__Water__session208__clip003.npy,water
what__ISL500__00401__What__session212__clip000.npy,what
where__ISL500__00402__Where__session212__clip001.npy,where
yes__ISL500__00403__Yes__session213__clip009.npy,yes
you__ISL500__00404__You__session213__clip011.npy,you
drink__ISL500__00405__Drink__session188__clip007.npy,drink
eat__ISL500__00406__Eat__session199__clip015.npy,eat
father__ISL500__00407__Father__session188__clip013.npy,father
food__ISL500__00408__Food__session175__clip002.npy,food
friend__ISL500__00409__Friend__session296__clip001.npy,friend
go__ISL500__00410__Go__session264__clip001.npy,go
hello__ISL500__00411__Hello__session238__clip005.npy,hello
help__ISL500__00412__Help__session230__clip002.npy,help
he__ISL500__00413__He__session279__clip002.npy,he
market__ISL500__00414__Market__session119__clip000.npy,market
mother__ISL500__00415__Mother__session121__clip003.npy,mother
no__ISL500__00416__No__session125__clip005.npy,no
please__ISL500__00417__Please__session130__clip003.npy,please
school__ISL500__00418__School__session140__clip002.npy,school
she__ISL500__00419__She__session144__clip001.npy,she
sister__ISL500__00420__Sister__session146__clip001.npy,sister
sit__ISL500__00421__Sit__session146__clip002.npy,sit
student__ISL500__00422__Student__session152__clip002.npy,student
teacher__ISL500__00423__Teacher__session156__clip004.npy,teacher
tea__ISL500__00424__Tea__session156__clip003.npy,tea
thank_you__ISL500__00425__Thankyou__session159__clip001.npy,thank you
today__ISL500__00426__Today__session160__clip002.npy,today
water__ISL500__00427__Water__session169__clip005.npy,water
what__ISL500__00428__What__session169__clip015.npy,what
where__ISL500__00429__Where__session169__clip016.npy,where
yes__ISL500__00430__Yes__session169__clip028.npy,yes
you__ISL500__00431__You__session169__clip030.npy,you
drink__ISL500__00432__Drink__session111__clip004.npy,drink
eat__ISL500__00433__Eat__session148__clip008.npy,eat
father__ISL500__00434__Father__session157__clip032.npy,father
food__ISL500__00435__Food__session157__clip033.npy,food
friend__ISL500__00436__Friend__session117__clip005.npy,friend
go__ISL500__00437__Go__session168__clip001.npy,go
hello__ISL500__00438__Hello__session166__clip005.npy,hello
help__ISL500__00439__Help__session149__clip021.npy,help
he__ISL500__00440__He__session133__clip019.npy,he
market__ISL500__00441__Market__session133__clip002.npy,market
mother__ISL500__00442__Mother__session132__clip018.npy,mother
no__ISL500__00443__No__session131__clip002.npy,no
please__ISL500__00444__Please__session133__clip003.npy,please
school__ISL500__00445__School__session108__clip021.npy,school
she__ISL500__00446__She__session112__clip019.npy,she
sister__ISL500__00447__Sister__session117__clip004.npy,sister
sit__ISL500__00448__Sit__session149__clip007.npy,sit
student__ISL500__00449__Student__session116__clip001.npy,student
teacher__ISL500__00450__Teacher__session139__clip013.npy,teacher
tea__ISL500__00451__Tea__session155__clip011.npy,tea
thank_you__ISL500__00452__Thankyou__session121__clip014.npy,thank you
today__ISL500__00453__Today__session150__clip005.npy,today
water__ISL500__00454__Water__session112__clip016.npy,water
what__ISL500__00455__What__session154__clip015.npy,what
where__ISL500__00456__Where__session145__clip008.npy,where
yes__ISL500__00457__Yes__session139__clip024.npy,yes
you__ISL500__00458__You__session132__clip026.npy,you
drink__ISL500__00459__Drink__session112__clip002.npy,drink
eat__ISL500__00460__Eat__session100__clip012.npy,eat
father__ISL500__00461__Father__session152__clip031.npy,father
food__ISL500__00462__Food__session152__clip032.npy,food
friend__ISL500__00463__Friend__session120__clip025.npy,friend
go__ISL500__00464__Go__session159__clip029.npy,go
hello__ISL500__00465__Hello__session102__clip009.npy,hello
help__ISL500__00466__Help__session102__clip026.npy,help
he__ISL500__00467__He__session125__clip001.npy,he
market__ISL500__00468__Market__session124__clip000.npy,market
mother__ISL500__00469__Mother__session123__clip016.npy,mother
no__ISL500__00470__No__session122__clip024.npy,no
please__ISL500__00471__Please__session124__clip001.npy,please
school__ISL500__00472__School__session111__clip010.npy,school
she__ISL500__00473__She__session119__clip005.npy,she
sister__ISL500__00474__Sister__session120__clip024.npy,sister
sit__ISL500__00475__Sit__session138__clip009.npy,sit
student__ISL500__00476__Student__session119__clip017.npy,student
teacher__ISL500__00477__Teacher__session126__clip026.npy,teacher
tea__ISL500__00478__Tea__session150__clip011.npy,tea
thank_you__ISL500__00479__Thankyou__session121__clip026.npy,thank you
today__ISL500__00480__Today__session102__clip018.npy,today
water__ISL500__00481__Water__session119__clip002.npy,water
what__ISL500__00482__What__session101__clip025.npy,what
where__ISL500__00483__Where__session136__clip004.npy,where
yes__ISL500__00484__Yes__session127__clip006.npy,yes
you__ISL500__00485__You__session123__clip023.npy,you
school__INCLUDE__00486__MVI_3290.npy,school
school__INCLUDE__00487__MVI_3291.npy,school
school__INCLUDE__00488__MVI_3292.npy,school
school__INCLUDE__00489__MVI_3293.npy,school
school__INCLUDE__00490__MVI_3371.npy,school
school__INCLUDE__00491__MVI_3372.npy,school
school__INCLUDE__00492__MVI_3373.npy,school
school__INCLUDE__00493__MVI_3374.npy,school
school__INCLUDE__00494__MVI_3456.npy,school
school__INCLUDE__00495__MVI_3457.npy,school
school__INCLUDE__00496__MVI_3458.npy,school
school__INCLUDE__00497__MVI_3459.npy,school
school__INCLUDE__00498__MVI_3535.npy,school
school__INCLUDE__00499__MVI_3536.npy,school
school__INCLUDE__00500__MVI_3537.npy,school
school__INCLUDE__00501__MVI_3538.npy,school
school__INCLUDE__00502__MVI_3614.npy,school
school__INCLUDE__00503__MVI_3615.npy,school
school__INCLUDE__00504__MVI_3616.npy,school
school__INCLUDE__00505__MVI_3617.npy,school
hospital__INCLUDE__00506__MVI_3315.npy,hospital
hospital__INCLUDE__00507__MVI_3316.npy,hospital
hospital__INCLUDE__00508__MVI_3317.npy,hospital
hospital__INCLUDE__00509__MVI_3318.npy,hospital
hospital__INCLUDE__00510__MVI_3397.npy,hospital
hospital__INCLUDE__00511__MVI_3398.npy,hospital
hospital__INCLUDE__00512__MVI_3399.npy,hospital
hospital__INCLUDE__00513__MVI_3400.npy,hospital
hospital__INCLUDE__00514__MVI_3480.npy,hospital
hospital__INCLUDE__00515__MVI_3481.npy,hospital
hospital__INCLUDE__00516__MVI_3482.npy,hospital
hospital__INCLUDE__00517__MVI_3483.npy,hospital
hospital__INCLUDE__00518__MVI_3560.npy,hospital
hospital__INCLUDE__00519__MVI_3561.npy,hospital
hospital__INCLUDE__00520__MVI_3562.npy,hospital
hospital__INCLUDE__00521__MVI_3563.npy,hospital
hospital__INCLUDE__00522__MVI_3638.npy,hospital
hospital__INCLUDE__00523__MVI_3639.npy,hospital
hospital__INCLUDE__00524__MVI_3640.npy,hospital
hospital__INCLUDE__00525__MVI_3641.npy,hospital
market__INCLUDE__00526__MVI_3323.npy,market
market__INCLUDE__00527__MVI_3324.npy,market
market__INCLUDE__00528__MVI_3325.npy,market
market__INCLUDE__00529__MVI_3326.npy,market
market__INCLUDE__00530__MVI_3405.npy,market
market__INCLUDE__00531__MVI_3406.npy,market
market__INCLUDE__00532__MVI_3407.npy,market
market__INCLUDE__00533__MVI_3408.npy,market
market__INCLUDE__00534__MVI_3488.npy,market
market__INCLUDE__00535__MVI_3489.npy,market
market__INCLUDE__00536__MVI_3490.npy,market
market__INCLUDE__00537__MVI_3491.npy,market
market__INCLUDE__00538__MVI_3569.npy,market
market__INCLUDE__00539__MVI_3570.npy,market
market__INCLUDE__00540__MVI_3571.npy,market
market__INCLUDE__00541__MVI_3572.npy,market
market__INCLUDE__00542__MVI_3647.npy,market
market__INCLUDE__00543__MVI_3648.npy,market
market__INCLUDE__00544__MVI_3649.npy,market
market__INCLUDE__00545__MVI_3650.npy,market
friend__INCLUDE__00546__MVI_3826.npy,friend
friend__INCLUDE__00547__MVI_3827.npy,friend
friend__INCLUDE__00548__MVI_3828.npy,friend
friend__INCLUDE__00549__MVI_3975.npy,friend
friend__INCLUDE__00550__MVI_3976.npy,friend
friend__INCLUDE__00551__MVI_3977.npy,friend
friend__INCLUDE__00552__MVI_4122.npy,friend
friend__INCLUDE__00553__MVI_4123.npy,friend
friend__INCLUDE__00554__MVI_4124.npy,friend
friend__INCLUDE__00555__MVI_4246.npy,friend
friend__INCLUDE__00556__MVI_4997.npy,friend
friend__INCLUDE__00557__MVI_4998.npy,friend
friend__INCLUDE__00558__MVI_4999.npy,friend
friend__INCLUDE__00559__MVI_5145.npy,friend
friend__INCLUDE__00560__MVI_5146.npy,friend
friend__INCLUDE__00561__MVI_5147.npy,friend
friend__INCLUDE__00562__MVI_5299.npy,friend
friend__INCLUDE__00563__MVI_5300.npy,friend
friend__INCLUDE__00564__MVI_5301.npy,friend
friend__INCLUDE__00565__MVI_8648.npy,friend
hello__INCLUDE__00566__MVI_0029.npy,hello
hello__INCLUDE__00567__MVI_0030.npy,hello
hello__INCLUDE__00568__MVI_0031.npy,hello
hello__INCLUDE__00569__MVI_0032.npy,hello
hello__INCLUDE__00570__MVI_0037.npy,hello
hello__INCLUDE__00571__MVI_0038.npy,hello
hello__INCLUDE__00572__MVI_0039.npy,hello
hello__INCLUDE__00573__MVI_0089.npy,hello
hello__INCLUDE__00574__MVI_0090.npy,hello
hello__INCLUDE__00575__MVI_0091.npy,hello
hello__INCLUDE__00576__MVI_9914.npy,hello
hello__INCLUDE__00577__MVI_9915.npy,hello
hello__INCLUDE__00578__MVI_9916.npy,hello
hello__INCLUDE__00579__MVI_9917.npy,hello
hello__INCLUDE__00580__MVI_9954.npy,hello
hello__INCLUDE__00581__MVI_9955.npy,hello
hello__INCLUDE__00582__MVI_9956.npy,hello
hello__INCLUDE__00583__MVI_9957.npy,hello
hello__INCLUDE__00584__MVI_9982.npy,hello
hello__INCLUDE__00585__MVI_9983.npy,hello
hello__INCLUDE__00586__MVI_9984.npy,hello
okay__INCLUDE__00587__MVI_0037.npy,okay
okay__INCLUDE__00588__MVI_0038.npy,okay
okay__INCLUDE__00589__MVI_0039.npy,okay
okay__INCLUDE__00590__MVI_0040.npy,okay
okay__INCLUDE__00591__MVI_0043.npy,okay
okay__INCLUDE__00592__MVI_0044.npy,okay
okay__INCLUDE__00593__MVI_0045.npy,okay
okay__INCLUDE__00594__MVI_0095.npy,okay
okay__INCLUDE__00595__MVI_0096.npy,okay
okay__INCLUDE__00596__MVI_0097.npy,okay
okay__INCLUDE__00597__MVI_9923.npy,okay
okay__INCLUDE__00598__MVI_9924.npy,okay
okay__INCLUDE__00599__MVI_9925.npy,okay
okay__INCLUDE__00600__MVI_9926.npy,okay
okay__INCLUDE__00601__MVI_9963.npy,okay
okay__INCLUDE__00602__MVI_9964.npy,okay
okay__INCLUDE__00603__MVI_9965.npy,okay
okay__INCLUDE__00604__MVI_9966.npy,okay
okay__INCLUDE__00605__MVI_9988.npy,okay
okay__INCLUDE__00606__MVI_9989.npy,okay
okay__INCLUDE__00607__MVI_9990.npy,okay
thank_you__INCLUDE__00608__MVI_0006.npy,thank you
thank_you__INCLUDE__00609__MVI_0007.npy,thank you
thank_you__INCLUDE__00610__MVI_0008.npy,thank you
thank_you__INCLUDE__00611__MVI_0058.npy,thank you
thank_you__INCLUDE__00612__MVI_0059.npy,thank you
thank_you__INCLUDE__00613__MVI_0060.npy,thank you
thank_you__INCLUDE__00614__MVI_0060_.npy,thank you
thank_you__INCLUDE__00615__MVI_0061.npy,thank you
thank_you__INCLUDE__00616__MVI_0062.npy,thank you
thank_you__INCLUDE__00617__MVI_0063.npy,thank you
thank_you__INCLUDE__00618__MVI_0111.npy,thank you
thank_you__INCLUDE__00619__MVI_0112.npy,thank you
thank_you__INCLUDE__00620__MVI_0113.npy,thank you
thank_you__INCLUDE__00621__MVI_9948.npy,thank you
thank_you__INCLUDE__00622__MVI_9949.npy,thank you
thank_you__INCLUDE__00623__MVI_9950.npy,thank you
thank_you__INCLUDE__00624__MVI_9951.npy,thank you
thank_you__INCLUDE__00625__MVI_9984.npy,thank you
thank_you__INCLUDE__00626__MVI_9985.npy,thank you
thank_you__INCLUDE__00627__MVI_9986.npy,thank you
thank_you__INCLUDE__00628__MVI_9987.npy,thank you
goodbye__ISLRTC_dictionary__00629__Bye.npy,goodbye
goodbye__ISLRTC_dictionary__00630__Bye_Goodbye.npy,goodbye
stop__ISLRTC_dictionary__00631__Cease_Discontinue_Halt_Stop.npy,stop
come__ISLRTC_dictionary__00632__Come.npy,come
me__ISLRTC_dictionary__00633__Myself.npy,me
okay__ISLRTC_dictionary__00634__Okay.npy,okay
read__ISLRTC_dictionary__00635__Read.npy,read
sorry__ISLRTC_dictionary__00636__Sorry.npy,sorry
sorry__ISLRTC_dictionary__00637__Sorry_(Sign_2).npy,sorry
stand__ISLRTC_dictionary__00638__Stand.npy,stand
stop__ISLRTC_dictionary__00639__Stop.npy,stop
when__ISLRTC_dictionary__00640__When_(For_Days).npy,when
write__ISLRTC_dictionary__00641__Write.npy,write
